driverId,name,ssn,location,certified,wage-plan
10,Alyssa Mitchell,866-41-1562,"94069 Stone Orchard Suite 989
New Barbaraland, VI 37653",N,hours
11,Rebecca Levy,845-51-0491,"169 Grant Circle Suite 249
East Howardfort, MI 29155",Y,hours
12,Kelly Holden,069-20-4282,"61707 Mathews Fords Suite 594
West Gwendolynton, AR 12862",Y,miles
13,Tiffany Manning,209-93-0389,"85088 Smith Canyon
Lake Markfort, GU 13948",N,hours
14,Michael Dalton,015-83-0572,"24009 Alexandra Motorway Suite 055
East Lisaport, HI 70377",Y,miles
15,Ian Brewer,318-87-1812,"117 Sanchez Gateway
Lake Brianaville, DE 44998",N,hours
16,Katie Lee,353-52-5507,"9033 Chris Mountain Apt. 559
Lake Wayneport, MN 52321",Y,miles
17,Patrick Henderson,018-13-5918,"999 Walters Streets
Port Peggy, CO 95948",Y,miles
18,Christian Michael,657-81-2538,"49212 Leonard Pine
Alvarezshire, NH 92454",Y,hours
19,Jose Reeves,366-03-6077,"309 Ochoa Unions
Wilsonport, MP 07634",Y,hours
20,Shane Jacobs,371-74-3812,"1334 Steven Springs
Grayhaven, WV 76167",N,miles
21,Mckenzie Rodriguez,312-91-2955,"6142 Jay Points Suite 969
Lake Sabrinafort, TX 33881",N,miles
22,Charles Vazquez,833-63-5479,"410 Glenn Prairie
Lake Kristen, AL 51047",N,hours
23,Kristin Greene,157-94-7016,"999 Gregory Trail
Travisshire, CT 84623",N,miles
24,Sylvia Sullivan,206-15-0006,"5319 Brian Hill Suite 315
East Samantha, CO 92136",Y,hours
25,Lisa Gonzalez,026-91-3978,"807 Emily Glens Apt. 803
Mendozaport, ID 21241",N,miles
26,Michael Wheeler,392-37-9139,"864 Jackson Glens Suite 423
Stephenmouth, HI 21699",Y,miles
27,Desiree Edwards,520-41-9220,"1705 Chung Prairie
New Riley, KS 70192",Y,hours
28,Diane Curtis,442-11-4834,"765 Barron Isle
East Justin, MP 16426",N,hours
29,Michelle Brown,336-73-0110,"25475 Hunt Loop Suite 231
West Erichaven, SD 54094",Y,miles
30,Amy Cohen,792-28-5659,"7966 Walker Corners Apt. 792
Christinaborough, NC 41267",N,hours
31,David Hernandez,751-63-0453,"26608 Nicole Springs Apt. 945
Lake Toddport, CT 47662",Y,miles
32,Laurie Hickman,102-34-9468,"637 Anderson Mount
Austintown, VT 47055",N,miles
33,Becky Duncan,289-43-8233,"503 Grant Ford
Lindaburgh, SC 26769",Y,hours
34,Alexis Nelson,149-65-8244,"31466 Brittney Freeway
Dannyshire, NM 83097",Y,hours
35,Erik Richardson,225-67-2628,"0325 Rivera Walk
Carolhaven, MH 46180",Y,miles
36,Barbara Miller,735-78-5741,"308 Crystal Bridge Apt. 912
Ayalafurt, ID 64805",N,hours
37,Michael Huerta,004-04-4613,"5459 Bobby Cove Suite 553
West Craig, KS 12949",Y,miles
38,Anthony Mason,247-02-6573,"91850 Castillo Dale
Stephenfurt, RI 92420",Y,miles
39,Kyle Young,812-43-2276,"7306 Rodriguez Grove
East Geraldland, VA 95251",N,hours
40,Michele Garcia,124-18-4797,"917 Travis Bypass Suite 282
Rogersport, KS 46799",N,hours
41,Michael Wise,728-32-9236,"5563 Moore Forks
South Barbara, MA 52175",N,miles
42,Susan Parsons,282-34-4538,"70441 Barnes Canyon
West Adam, NJ 77046",Y,miles
43,Shannon Mcdonald,287-08-2068,"6045 Nathaniel Plaza
South Denisemouth, NJ 85464",N,miles
44,Peter Campos,068-94-2394,"3270 Reynolds Loaf
Lake Normamouth, MD 97810",Y,hours
45,Susan Simmons,155-11-3328,"18760 Day Coves Apt. 404
Porterfort, NC 65641",Y,miles
46,Elizabeth White,173-06-6437,"83126 Duke Crossroad
North Vanessaton, KS 82919",Y,miles
47,Amy Wade,518-21-8344,"Unit 0065 Box 7598
DPO AA 65006",N,miles
48,Malik Russo,662-17-7070,"8679 Amanda Coves Suite 373
Johntown, NC 22982",N,miles
49,Travis Smith,159-46-1074,"045 Burns Viaduct Suite 951
Lovechester, WI 26767",Y,miles
50,Roger Jones,001-09-3992,"812 Atkins Walks
Stephanieborough, TN 67106",Y,miles
51,Jason Rodriguez,874-55-3312,"15246 Jeffrey Stravenue Suite 564
Robertborough, NM 75187",N,miles
52,Howard Bell,415-92-1235,"14810 Sarah Crossroad Apt. 165
Thompsonmouth, NC 33316",N,miles
53,Alyssa Guerrero,798-42-2495,"87938 Medina Isle
North Elaine, PA 24336",N,hours
54,Katherine Brooks,535-03-1144,"54226 Vanessa Lane
North Tamarashire, NM 73325",Y,miles
55,Gregory Lewis,409-98-7005,"844 Marquez Harbors
Coreyberg, HI 22584",N,miles
56,Jennifer Hunt,144-67-4362,"58590 Sanchez Fall Apt. 127
Port Timothy, NH 16787",N,miles
57,Craig Johnson,536-44-5493,"53563 Johnny Drive Apt. 282
Port Adam, AK 11151",N,miles
58,William Ramos,374-31-8385,"076 Kayla Roads
Ellischester, FM 20178",Y,hours
59,Shannon Gay,867-10-1398,"915 Diaz Dam Apt. 117
Lake Phillip, WA 68161",Y,miles
60,Brenda Jones,058-04-6674,"536 Moore Freeway
North Michael, WY 95200",N,hours
61,Melinda Maxwell,731-32-4236,"49621 Sandra Pines Suite 873
Caitlynborough, ME 24151",Y,hours
62,Andrew Avila,066-30-8991,"5997 Peters Crossing Suite 336
Williamsview, NY 37307",Y,miles
63,Ronald Martinez,071-64-9168,"85190 Rodriguez Stream Suite 046
Port Susan, IA 28342",N,miles
64,Paul Macias,815-12-7322,"721 Heather Keys Suite 416
North Deniseborough, VT 67102",Y,hours
65,Dana Garcia,170-45-9092,"41104 Martinez Mountains
Jasonbury, VI 27827",N,hours
66,Brenda Bowman,746-37-4823,"892 Fernandez Estates Suite 659
Jerryfurt, KS 74364",Y,miles
67,Ann Navarro,818-81-3339,"7411 Schneider Drive Suite 221
Michaelview, WA 36460",Y,hours
68,Sarah Russell,017-71-4634,"1244 Nguyen Shoals
Porterville, OR 82951",N,miles
69,Megan Peters,637-47-5334,"688 Elizabeth Rapid
Reneeborough, WI 23646",Y,hours
70,Veronica Davis,821-59-2482,"941 Chavez Pass Suite 192
Guzmanville, IN 81898",Y,hours
71,Cody Turner,297-32-3208,"91085 Watson Station Suite 996
Port Stacey, RI 64102",Y,miles
72,Travis Graham,202-82-2618,"79721 Craig Corner Apt. 110
East Williamberg, GU 00840",N,miles
73,Mark Walker,846-66-3594,"95887 Roth Radial Suite 729
Jacksonton, NC 21449",N,miles
74,Joshua Washington,385-84-3734,"641 Hughes Meadows Suite 076
Brianview, MD 08988",N,miles
75,Elizabeth Patterson,052-95-6573,"37559 Curry Brook
West Timothyhaven, KS 97896",Y,miles
76,Austin Anthony,795-43-7259,"PSC 6919, Box 6216
APO AE 51401",N,hours
77,Heather Anderson,891-88-4259,"6541 Susan Walks
Lake William, MI 84656",Y,hours
78,Susan Smith,181-99-9637,"3476 Hanna Island
Johnsonside, MN 90652",Y,miles
79,Julie Murphy,649-60-0277,"963 Nelson Plains
Johnsonshire, AK 90020",Y,miles
80,Gary Davila MD,242-62-4975,"87421 Anderson Springs
North Sarah, HI 53405",Y,hours
81,Christina Cunningham,759-15-6100,"04150 Ashley Ville Apt. 314
West Andreafort, IN 08317",N,miles
82,Megan Miller,335-50-2431,"43185 Brown Lock Suite 602
Debraside, CO 55776",N,hours
83,Terri Lee,528-65-2818,"35801 Amy Point Apt. 519
New Angela, GU 49227",N,miles
84,Stacie Gomez,725-01-2746,"52653 Joshua Harbors
New David, AR 97853",Y,miles
85,Justin Sanders,586-83-8676,"497 Regina Parkway Suite 785
East Melissamouth, UT 71968",Y,hours
86,Karen Dawson,370-17-8022,"472 Small Cove Apt. 515
Robertfurt, MA 06597",N,miles
87,Danielle Wagner,187-72-5944,"0058 Martinez Mountains Apt. 439
South Jenniferfort, MI 15585",N,miles
88,Susan Lynch,324-25-5933,"13122 Scott Mountains
Meyerton, MD 92886",N,miles
89,Mrs. Kimberly Joseph,212-39-1947,"12472 Isaiah Parkway Suite 281
East Calebton, VI 81585",N,hours
90,Mitchell Lane,327-34-6174,"1274 Smith Hills
East Rachel, CA 92157",Y,miles
91,James Williams,790-98-1824,"Unit 5350 Box 5779
DPO AE 76160",Y,miles
92,Mark Wells,752-67-9239,"PSC 3217, Box 4918
APO AA 02157",Y,hours
93,Joseph Best,857-44-3625,"USNS Rodriguez
FPO AA 78476",N,miles
94,John Bryant,306-85-5753,"335 Zachary Ridges Apt. 166
Tonyview, NC 29735",Y,miles
95,Madison Navarro,096-96-7590,"765 Brown Fall Apt. 018
Port Cynthialand, VA 10974",Y,miles
96,Stephen Potter,761-83-1825,"78765 Allen Ville
Becktown, CT 20238",Y,miles
97,John Parsons,674-90-1854,"2772 Peters Mills
New Dylanstad, GA 81551",Y,hours
98,Sherry Henderson,774-64-5063,"6143 Harvey Estate
West Melanieberg, MO 09531",Y,miles
99,Tracey Baker,551-85-5920,"58583 Sanchez Centers
West Pamela, MS 52185",N,miles
100,David Allen,272-10-9148,"12062 Edwards Union
Lake Angelaville, KS 66054",N,hours
101,Alan Anderson,422-36-3848,"1301 Murphy Flat Apt. 457
Blackland, UT 35332",N,miles
102,Jonathan Morales,038-02-3178,"9959 Tamara Ridge
East Danielfort, ID 37539",Y,hours
103,Nicholas Walker,779-05-8063,"57210 Brent Roads
East Matthew, MD 74362",N,hours
104,Jonathan Adams,178-92-5663,"29088 Avila Burgs Apt. 480
West Travis, MH 33262",Y,hours
105,Alex Bowman,767-87-8414,"Unit 3045 Box 4513
DPO AP 24772",Y,hours
106,Christina Lara,609-16-2553,"672 Brian Lakes Suite 244
Greenview, UT 55697",Y,miles
107,Edward Smith,659-09-4215,"366 Shelley Mills Suite 240
Bradleymouth, GA 16038",N,hours
108,Stephen Underwood,440-50-9062,"8849 Rush Rapid
Rebeccaberg, MA 78281",N,miles
109,Matthew Gill,619-24-6474,"PSC 0694, Box 9543
APO AP 20728",Y,hours
